"","-","X2","X3","X4","X5","X6","X7","X8","X9","X10","X11","X12","X13","X14","X15","X16","X17","X18","X19","X20","X21","X22","X23","X24","X25","X26","X27","X28","X29","X30","X31","X32","X33","X34","X35","X36","X37","X38","X39","X40","X41","X42","X43"
"1","0.84299999999999997",NA,"49",NA,NA,NA,NA,NA,NA,"50",NA,NA,NA,NA,NA,NA,NA,NA,"51",NA,NA,NA,NA,NA,NA,"52",NA,NA,NA,NA,NA,NA,NA,NA,"53",NA,NA,NA,NA,NA,NA,NA,NA
"2","Education Attribute Totals
(sorted by winner below)",NA,"Post-secondary institutions","raw data","population","per 1,000,000","difference","raw score","weighted score","Average cost of tuition","raw data","exchange rate","value in USD","minimum wage","tied to wage","difference","raw score","weighted score","Full-time undergrad enrolment","raw data","population","per 1000","difference","raw score","weighted score","Student housing","raw data","exchange rate","value in USD","minimum wage","tied to wage","difference","raw score","weighted score","Student debt","raw data","exchange rate","value in USD","minimum wage","tied to wage","difference","raw score","weighted score"
"3","Accra","17.498375442581036","Accra","19","2269000","8.3737329219920671","90.211053473771344","7.8816867479498001","6.6442619285216811","Accra","2765.5","0.48759999999999998","1348.4577999999999","0.37","3644.4805405405405","3644.4805405405405","63.541434921441258","53.56542963877498","Accra","43706","2269000","19.262230057293962","146.70644269224618","11.605943301337476","9.7838102030274925","Accra","n/a","0.48759999999999998","na","0.37","na","na","na","0","Accra","n/a","0.48759999999999998",NA,"0.37","na","na","na","0"
"4","Amsterdam","50.624820556530295","Amsterdam","29","813562","35.645715999518167","62.939070396245249","35.730259438330719","30.120608706512794","Amsterdam","5990.333333333333","1.3277000000000001","7953.3655666666673","9.2799999999999994","857.04370330459778","857.04370330459778","91.426327213297384","77.072393840809696","Amsterdam","18123.8","813562","22.277097504554046","143.69157524498613","13.422471322748933","11.315143325077351","Amsterdam","493","1.3277000000000001","654.55610000000001","9.2799999999999994","70.534062500000005","70.534062500000005","99.63361370548202","83.991136353721345","Amsterdam","14450","1.3277000000000001","19185.265000000003","9.2799999999999994","2067.3776939655177","2067.3776939655177","91.041363326149423","76.747869283943956"
"5","Bangkok","51.403861609875484","Bangkok","48","8280925","5.7964538985680942","92.788332497195327","5.2499183861410614","4.425681199516915","Bangkok","6234","3.2599999999999997E-2","203.22839999999999","1.22","166.58065573770492","166.58065573770492","98.333564520242618","82.895194890564525","Bangkok","750716","8280925","90.656055935780117","75.312616813760044","54.622390137798639","46.046674886164254","Bangkok","103000","3.2599999999999997E-2","3357.7999999999997","1.22","2752.2950819672128","2752.2950819672128","85.703316089271937","72.247895463256242","Bangkok","200000","3.2599999999999997E-2","6519.9999999999991","1.22","5344.2622950819668","5344.2622950819668","76.841530054644807","64.777409836065573"
"6","Beirut","39.400774782135741","Beirut","23","1900000","12.105263157894736","86.479523237868676","11.692109727660608","9.8564485004178923","Beirut","10335562.5","6.9999999999999999E-4","7234.8937500000002","1.4","5167.7812500000009","5167.7812500000009","48.302676631403777","40.719156400273384","Beirut","131000","1900000","68.94736842105263","97.021304328487531","41.542399103895747","35.020242444584113","Beirut","5614500","6.9999999999999999E-4","3930.15","1.4","2807.2500000000005","2807.2500000000005","85.417855021669709","72.007251783267563","Beirut","12270000","6.9999999999999999E-4","8589","1.4","6135","6135","73.414999999999992","61.888844999999989"
"7","Berlin","50.49679985215559","Berlin","47","3421829","13.735344460520967","84.849441935242453","13.356654528761851","11.259659767746241","Berlin","599","1.3277000000000001","795.29230000000007","11.29","70.442187776793631","70.442187776793631","99.295312168972274","83.705948158443618","Berlin","153967","3421829","44.995527245809186","120.97314550373098","27.110855621356322","22.854451288803379","Berlin","258","1.3277000000000001","342.54660000000001","11.29","30.340708591674051","30.340708591674051","99.842396433723735","84.167140193629109","Berlin","8510","1.3277000000000001","11298.727000000001","11.29","1000.7729849424271","1000.7729849424271","95.663317065249487","80.644176286005319"
"8","Bogota","57.257219989989245","Bogota","110","7776845","14.144553478949369","84.44023291681404","13.774515124482676","11.611916249938895","Bogota","5390","5.0000000000000001E-4","2.6949999999999998","1.72","1.566860465116279","1.566860465116279","99.984325479694292","84.286786379382278","Bogota","0","7776845","0","165.96867274954016","0","49.865081171832237","Bogota","813000","5.0000000000000001E-4","406.5","1.72","236.33720930232559","236.33720930232559","98.77235606026521","83.265096158803573","Bogota","10090658","5.0000000000000001E-4","5045.3289999999997","1.72","2933.3308139534884","2933.3308139534884","87.288899806201556","73.584542536627907"
"9","Boston","59.475212543587261","Boston","30","645966","46.44207280259333","52.142713593170086","46.754874933545409","39.414359568978782","Boston","29731.107142857141","1","29731.107142857141","8","3716.3883928571427","3716.3883928571427","62.822084911424362","52.959017580330737","Boston","80835","645966","125.13816516658771","40.83050758295245","75.398665961154663","63.561075405253376","Boston","4,263.33","1","4263.33","8","532.91624999999999","532.91624999999999","97.231788398322877","81.966397619786179","Boston","25621","1","25621","8","3202.625","3202.625","86.121958333333339","72.600810875000008"
"10","Buenos Aires","57.469283615568393","Buenos Aires","59","2890151","20.414158291383391","78.170628104380029","20.176673151007407","17.008935466299242","Buenos Aires","0","0.1832","0","3.44","0","0","100","84.3","Buenos Aires","0","2890151","0","165.96867274954016","0","49.865081171832237","Buenos Aires","24000","0.1832","4396.8","3.44","1278.1395348837209","1278.1395348837209","93.360756612268219","78.703117824142112","Buenos Aires","1","0.1832","0.1832","3.44","5.3255813953488371E-2","5.3255813953488371E-2","99.999769224806201","84.299805456511621"
"11","Cairo","50.144291351125204","Cairo","22","10230350","2.1504640603693912","96.434322335394029","1.526844315992534","1.2871297583817061","Cairo","500","0.14630000000000001","73.150000000000006","0.91","80.384615384615387","80.384615384615387","99.195850355430835","83.622101849628194","Cairo","716870","10230350","70.072871407136617","95.895801342403544","42.220540928758354","35.591916002943293","Cairo","6000","0.14630000000000001","877.80000000000007","0.91","964.61538461538464","964.61538461538464","94.989344950827544","80.076017793547621","Cairo","0","0.14630000000000001","0","0.91","0","0","100","84.3"
"12","Caracas","27.537338556911266","Caracas","69","2906376","23.740906200711812","74.843880195051611","23.573755816838599","19.872676153594938","Caracas","8476.0736842105252","0.1651","1399.3997652631576","0.53","2640.3769155908635","2640.3769155908635","73.58626214678155","62.033218989736845","Caracas","161610","2906376","55.605331175319364","110.3633415742208","33.503510183052555","28.243459084313304","Caracas","61800","0.1651","10203.18","0.53","19251.283018867925","19251.283018867925","-1.4210854715202004E-14","-1.1979750524915289E-14","Caracas","0","0.1651","0","0.53","0","0","100","84.3"
"13","Casablanca","42.035065428832439","Casablanca","54","4055807","13.314243010084059","85.27054338567936","12.926650068903527","10.897166008085673","Casablanca","20831.57894736842","0.1201","2501.8726315789472","1.47","1701.9541711421409","1701.9541711421409","82.974032590085656","69.947109473442211","Casablanca","23923","4055807","5.8984562135229801","160.07021653601717","3.5539575727187014","2.9959862338018652","Casablanca","0","0.1201","0","1.47","0","0","100","84.3","Casablanca",NA,"0.1201","0","1.47","0","0","100","84.3"
"14","Chicago","49.714441595472636","Chicago","36","2718782","13.241223459622727","85.343562936140685","12.852086724790979","10.834309108998795","Chicago","14379.15","1","14379.15","8.25","1742.9272727272728","1742.9272727272728","82.564146880999019","69.601575820682172","Chicago","203657","2718782","74.907440169899616","91.061232579640546","45.133481475109981","38.04752488351771","Chicago","7396","1","7396","8.25","896.4848484848485","896.4848484848485","95.343246226206247","80.374356568691866","Chicago","23841","1","23841","8.25","2889.818181818182","2889.818181818182","87.477454545454549","73.743494181818178"
"15","Dallas","49.688078352145368","Dallas","21","1258000","16.693163751987282","81.891622643776131","16.377008615564222","13.805818262920639","Dallas","12754.95","1","12754.95","7.25","1759.3034482758621","1759.3034482758621","82.400323297545995","69.463472539831272","Dallas","88429","1258000","70.293322734499199","95.675350015040962","42.353368000102876","35.703889224086723","Dallas","7,485.00","1","7485","7.25","1032.4137931034484","1032.4137931034484","94.637168898864587","79.779133381742838","Dallas","24311","1","24311","7.25","3353.2413793103447","3353.2413793103447","85.469287356321843","72.050609241379306"
"16","Dar Es Salaam","29.634299037337342","Dar Es Salaam","14","4364541","3.207668343589853","95.377118052173557","2.6064002194321034","2.1971953849812631","Dar Es Salaam","2818181.8181818184","5.9999999999999995E-4","1690.9090909090908","0.26","6503.4965034965026","6503.4965034965026","34.940481126635632","29.454825589753838","Dar Es Salaam","24298","4364541","5.5671375294675896","160.40153522007256","3.3543303306816625","2.8277004687646414","Dar Es Salaam","24000","5.9999999999999995E-4","14.399999999999999","0.26","55.38461538461538","55.38461538461538","99.712306887128861","84.057474705849629","Dar Es Salaam","10000000","5.9999999999999995E-4","5999.9999999999991","0.26","23076.923076923074","23076.923076923074","0","0"
"17","Detroit","48.066307104021838","Detroit","13","713777","18.212971278144295","80.371815117619121","17.928948210395134","15.114103341363098","Detroit","20483.142857142859","1","20483.142857142859","8.15","2513.2690622261175","2513.2690622261175","74.857820573927711","63.105142743821055","Detroit","46179","713777","64.696676973340416","101.27199577619974","38.981258270934546","32.861200722397818","Detroit","5,798.00","1","5798","8.15","711.41104294478521","711.41104294478521","96.304604517799973","81.184781608505375","Detroit","26479","1","26479","8.15","3248.9570552147238","3248.9570552147238","85.921186094069526","72.431559877300614"
"18","Dubai","21.456357215902855","Dubai","41","2213845","18.519815072870955","80.064971322892461","18.242279356786156","15.378241497770729","Dubai","57268.132463636364","0.27229999999999999","15594.112469848182","1.56","9996.2259422103725","9996.2259422103725","0","0","Dubai","21087","2213845","9.5250570839421922","156.44361566559797","5.7390692629784752","4.8380353886908543","Dubai","24453.333299999998","0.27229999999999999","6658.6426575899995","1.56","4268.3606779423071","4268.3606779423071","77.828175536358046","65.609151977149835","Dubai","0","0.27229999999999999","0","1.56","0","0","100","84.3"
"19","Durban","38.537783235244547","Durban","21","3161844","6.6416938976116473","91.943092498151771","6.113028614952384","5.1532831224048596","Durban","34032.33","0.1038","3532.5558540000002","1.38","2559.823082608696","2559.823082608696","74.392104606204356","62.712544183030268","Durban","47897","3161844","15.148438695900241","150.82023405363992","9.1272879664226991","7.6943037556943352","Durban","17333","0.1038","1799.1654000000001","1.38","1303.7430434782611","1303.7430434782611","93.227760237068452","78.591001879848704","Durban","132000","0.1038","13701.6","1.38","9928.6956521739139","9928.6956521739139","56.975652173913033","48.030474782608685"
"20","Hong Kong","40.689133925435343","Hong Kong","25","7071600","3.5352678318909443","95.049518563872468","2.9409258803402309","2.4792005171268148","Hong Kong","48028.888888888891","0.12889999999999999","6190.9237777777771","3.87","1599.7219064025264","1599.7219064025264","83.996741213626521","70.809252843087151","Hong Kong","97331","7071600","13.7636461338311","152.20502661570907","8.2929181187111851","6.9909299740735289","Hong Kong","12498","0.12889999999999999","1610.9921999999999","3.87","416.27705426356584","416.27705426356584","97.837665916315402","82.477152367453883","Hong Kong","150500","0.12889999999999999","19399.449999999997","3.87","5012.7777777777765","5012.7777777777765","78.27796296296296","65.988322777777768"
"21","Istanbul","35.869440270755263","Istanbul","41","14377018","2.8517735736298024","95.733012822133617","2.2429810524729419","1.89083302723469","Istanbul","18897.619047619046","0.52529999999999999","9926.9192857142843","2.4700000000000002","4018.9956622325035","4018.9956622325035","59.794869729166805","50.407075181687617","Istanbul","251911","14377018","17.521783724552616","148.44688902498754","10.557283753780681","8.8997902044371138","Istanbul","2169","0.52529999999999999","1139.3757000000001","2.4700000000000002","461.28570850202425","461.28570850202425","97.603870308020902","82.280062669661618","Istanbul","5200","0.52529999999999999","2731.56","2.4700000000000002","1105.8947368421052","1105.8947368421052","95.207789473684215","80.260166526315786"
"22","Jakarta","48.75320270245345","Jakarta","18","11374022","1.5825536472498469","97.002232748513563","0.94692702958087693","0.79825948593667928","Jakarta","5900000","1E-4","590","1.47","401.36054421768711","401.36054421768711","95.984879228040555","80.915253189238186","Jakarta","649649","11374022","57.116910799011997","108.85176195052816","34.414272195335286","29.011231460667645","Jakarta","40060","1E-4","4.0060000000000002","1.47","2.7251700680272113","2.7251700680272113","99.985844215861576","84.288066673971301","Jakarta","30400000","1E-4","3040","1.47","2068.0272108843537","2068.0272108843537","91.038548752834458","76.745496598639448"
"23","Johannesburg","38.027630857374682","Johannesburg","8","4434827","1.8039035119070035","96.780882883856407","1.1729567164719157","0.98880251198582492","Johannesburg","27146.67","0.1038","2817.8243459999999","1.38","2041.9017000000001","2041.9017000000001","79.573273835500231","67.08026984332669","Johannesburg","69638","4434827","15.702529095272487","150.26614365426767","9.4611403677179879","7.9757413299862634","Johannesburg","25000","0.1038","2595","1.38","1880.4347826086957","1880.4347826086957","90.232158652668986","76.06570974419995","Johannesburg","10774","0.1038","1118.3412000000001","1.38","810.39217391304362","810.39217391304362","96.488300579710142","81.33963738869565"
"24","Karachi","40.541477459999669","Karachi","31","23500000","1.3191489361702129","97.265637459593208","0.67795336445949772","0.57151468623935653","Karachi","79342.5","9.9000000000000008E-3","785.49075000000005","0.52","1510.5591346153847","1510.5591346153847","84.8887055639984","71.561178790450654","Karachi","270270","23500000","11.500851063829787","154.46782168571036","6.9295312623156917","5.8415948541321283","Karachi","1300","9.9000000000000008E-3","12.870000000000001","0.52","24.75","24.75","99.871437140185705","84.191621509176542","Karachi","0","9.9000000000000008E-3","0","0.52","0","0","100","84.3"
"25","Lagos","42.729917042419075","Lagos","13","13400000","0.97014925373134342","97.614637142032066","0.32157506231368416","0.27108777753043573","Lagos","66708","6.3E-3","420.2604","0.71","591.91605633802817","591.91605633802817","94.078604667801827","79.308263734956938","Lagos","262616","13400000","19.598208955223882","146.37046379431627","11.808378431030263","9.9544630173585116","Lagos","75000","6.3E-3","472.5","0.71","665.49295774647885","665.49295774647885","96.543124127912733","81.38585363983043","Lagos","0","6.3E-3","0","0.71","0","0","100","84.3"
"26","Lima","33.250070936493643","Lima","33","9752000","3.3839212469237077","95.200865148839711","2.7863794962023434","2.3489179152985753","Lima","37120","0.37619999999999998","13964.544","1.47","9499.689795918368","9499.689795918368","4.9672361265396745","4.1873800546729454","Lima","0","9752000","0","165.96867274954016","0","49.865081171832237","Lima","6872","0.37619999999999998","2585.2464","1.47","1758.6710204081633","1758.6710204081633","90.864655520961833","76.598904604170826","Lima","NA","0.37619999999999998",NA,"1.47","na","na","na","0"
"27","London","40.653964273732868","London","46","8173941","5.6276403267407975","92.957146069022613","5.0775357246825621","4.2803626159074","London","9146.5731707317082","1.5636000000000001","14301.5818097561","7.85","1821.8575553829428","1821.8575553829428","81.774546054527335","68.935942323966543","London","157397","8173941","19.255950098000461","146.71272265153971","11.602159479252578","9.7806204410099227","London","5366.87","1.5636000000000001","8391.6379319999996","7.85","1068.9984626751593","1068.9984626751593","94.447131333389848","79.618931714047633","London","22000","1.5636000000000001","34399.200000000004","7.85","4382.0636942675164","4382.0636942675164","81.011057324840763","68.292321324840756"
"28","Los Angeles","45.168831692754644","Los Angeles","31","3884307","7.9808315872046167","90.603954808558797","7.4804786161145813","6.3060434733845918","Los Angeles","22324.2","1","22324.2","9","2480.4666666666667","2480.4666666666667","75.18596837439847","63.381771339617906","Los Angeles","234562","3884307","60.387090927673846","105.58158182186631","36.38463206776543","30.672244833126257","Los Angeles","8189.81","1","8189.81","9","909.97888888888895","909.97888888888895","95.273151986820665","80.315267124889814","Los Angeles","17493","1","17493","9","1943.6666666666667","1943.6666666666667","91.577444444444438","77.199785666666656"
"29","Madrid","50.030519008251957","Madrid","27","3165235","8.5301723252775865","90.054614070485826","8.0414336237692794","6.7789285448375027","Madrid","8094.0395238095243","1.3277000000000001","10746.456275761906","6.24","1722.1885057310747","1722.1885057310747","82.771612849816563","69.776469632395361","Madrid","247309.77600000001","3165235","78.133148407622187","87.835524341917974","47.07704599501816","39.68594977380031","Madrid","450","1.3277000000000001","597.46500000000003","6.24","95.74759615384616","95.74759615384616","99.502643039115853","83.880728081974667","Madrid","no","1.3277000000000001",NA,"6.24","na","na","na","0"
"30","Manila","40.924228051368317","Manila","23","11855975","1.939950109543922","96.644836286219487","1.3118796379477971","1.1059145347899928","Manila","67128.205128205125","2.3599999999999999E-2","1584.2256410256409","1.29","1228.0818922679387","1228.0818922679387","87.714544475408445","73.943360992769314","Manila","296703","11855975","25.025609450087401","140.94306329945277","15.078513936092634","12.711187248126089","Manila","104400","2.3599999999999999E-2","2463.84","1.29","1909.953488372093","1909.953488372093","90.078824946367604","75.936449429787885","Manila","zero - no student debt","2.3599999999999999E-2",NA,"1.29","na","na","na","0"
"31","Mexico City","49.564447414407311","Mexico City","192","8851080","21.692268062202576","76.892518333560844","21.481804969172686","18.109161589012572","Mexico City","60906.609756097561","7.8399999999999997E-2","4775.0782048780484","0.56999999999999995","8377.330183996577","8377.330183996577","16.195069695031563","13.652443752911607","Mexico City","1469002","8851080","165.96867274954016","0","100","84.3","Mexico City","3493","7.8399999999999997E-2","273.85120000000001","0.56999999999999995","480.440701754386","480.440701754386","97.50437048126345","82.196184315705082","Mexico City","8695","7.8399999999999997E-2","681.68799999999999","0.56999999999999995","1195.9438596491229","1195.9438596491229","94.817576608187139","79.931217080701757"
"32","Miami","46.922536278848035","Miami","18","2496435","7.2102818619351199","91.374504533828301","6.6936377774883624","5.6427366464226889","Miami","17166.16","1","17166.16","8.0500000000000007","2132.4422360248445","2132.4422360248445","78.667526641026313","66.31672495838518","Miami","171222","2496435","68.586604498014168","97.382068251525993","41.325030417949279","34.83700064233124","Miami","6262","1","6262","8.0500000000000007","777.88819875776392","777.88819875776392","95.959291658663133","80.893682868253023","Miami","27907","1","27907","8.0500000000000007","3466.7080745341614","3466.7080745341614","84.977598343685301","71.636115403726706"
"33","Montreal","46.17810505665242","Montreal","34","3824220","8.8907018947654688","89.694084500997945","8.4095855800965467","7.0892806440213887","Montreal","4597.8","0.97109999999999996","4464.9235799999997","10.050000000000001","444.27100298507457","444.27100298507457","95.555612632672876","80.553381449343235","Montreal","114460","3824220","29.930286437495752","136.03838631204439","18.033696324524414","15.202406001574079","Montreal","5749.28","0.97109999999999996","5583.1258079999998","10.050000000000001","555.53490626865664","555.53490626865664","97.114296716098437","81.867352131670984","Montreal","13180","0.97109999999999996","12799.098","10.050000000000001","1273.5420895522386","1273.5420895522386","94.481317611940298","79.647750746865668"
"34","Moscow","34.705825510112582","Moscow","10","11503501","0.8693005720606275","97.715485823702792","0.21859421804384738","0.18427492581096333","Moscow","172169.55555555556","3.1399999999999997E-2","5406.1240444444438","1.21","4467.8711111111106","4467.8711111111106","55.304420518898638","46.621626497431549","Moscow","185250","11503501","16.103793097423122","149.86487965211705","9.7029112968355236","8.1795542232323459","Moscow","4067","3.1399999999999997E-2","127.70379999999999","1.21","105.54033057851238","105.54033057851238","99.451775081821438","83.837846393975468","Moscow","0","3.1399999999999997E-2","0","1.21","0","0","100","84.3"
"35","Mumbai","45.967481055128879","Mumbai","77","12442373","6.1885301139903133","92.396256281773105","5.6502839537756699","4.7631893730328896","Mumbai","36425","1.7100000000000001E-2","622.86750000000006","0.43","1448.529069767442","1448.529069767442","85.509240405913218","72.084289662184844","Mumbai","618400","12442373","49.701130162228701","116.26754258731145","29.946091234477507","25.244554910664537","Mumbai","14483.33","1.7100000000000001E-2","247.66494299999999","0.43","575.96498372093026","575.96498372093026","97.008173516765424","81.777890274633251","Mumbai","NA ","1.7100000000000001E-2",NA,"0.43","na","na","na","0"
"36","Nairobi","42.120051234916971","Nairobi","37","3138369","11.789563305016076","86.795223090747342","11.369735286599919","9.5846868466037325","Nairobi","129237.75","1.18E-2","1525.0054499999999","0.9","1694.4504999999999","1694.4504999999999","83.049097631487484","70.010389303343942","Nairobi","31088","3138369","9.9057822709821561","156.06289047855802","5.9684650764971536","5.0314160594871007","Nairobi","7773.33","1.18E-2","91.725293999999991","0.9","101.91699333333332","101.91699333333332","99.470596358520908","83.853712730233127","Nairobi","160000","1.18E-2","1888","0.9","2097.7777777777778","2097.7777777777778","90.90962962962962","76.636817777777765"
"37","New Delhi","39.699159222951721","New Delhi","11","16787941","0.65523222889572941","97.929554166867689","0","0","New Delhi","42313.1","1.7100000000000001E-2","723.55400999999995","0.62","1167.0225967741935","1167.0225967741935","88.325367958658404","74.458285189149038","New Delhi","80864","16787941","4.8167908143112967","161.15188193522886","2.9022289173693849","2.4465789773423916","New Delhi","19940","1.7100000000000001E-2","340.97399999999999","0.62","549.95806451612907","549.95806451612907","97.143265391833253","81.891772725315434","New Delhi","0","1.7100000000000001E-2","0","0.62","0","0","100","84.3"
"38","New York City","36.745859033148761","New York City","20","8405837","2.3792990513615715","96.205487344401845","1.7605173812270181","1.4841161523743762","New York City","27934.1","1","27934.1","8.75","3192.4685714285711","3192.4685714285711","68.063261175920857","57.377329171301284","New York City","122366","8405837","14.557265385945504","151.41140736359466","8.7710922457719249","7.3940307631857323","New York City","7137.67","1","7137.67","8.75","815.73371428571431","815.73371428571431","95.762704680585571","80.727960045733639","New York City","22675.5","1","22675.5","8.75","2591.4857142857145","2591.4857142857145","88.770228571428561","74.833302685714273"
"39","Osaka","41.224828380637661","Osaka","20","2683487","7.4529893381261028","91.131797057637314","6.9414766227233997","5.8516647929558259","Osaka","1279429.4736842106","1.0200000000000001E-2","13050.180631578949","8.39","1555.4446521548209","1555.4446521548209","84.43968092411005","71.182651019024775","Osaka","32335","2683487","12.049620512415377","153.91905223712479","7.260177666540244","6.1203297728934256","Osaka","480000","1.0200000000000001E-2","4896","8.39","583.55184743742552","583.55184743742552","96.968763864385068","81.74466793767661","Osaka","591300","1.0200000000000001E-2","6031.26","8.39","718.86293206197854","718.86293206197854","96.884927294398096","81.673993709177594"
"40","Paris","49.268735995170303","Paris","65","6500000","10","88.584786395763416","9.5423366833480969","8.0441898240624461","Paris","388.5","1.3277000000000001","515.81145000000004","12.52","41.198997603833867","41.198997603833867","99.587854477859835","83.952561324835841","Paris","0","6500000","0","165.96867274954016","0","23.100039449175608","Paris","5000","1.3277000000000001","6638.5000000000009","12.52","530.23162939297129","530.23162939297129","97.245733549949378","81.978153382607317","Paris","0","1.3277000000000001","0","12.52","0","0","100","84.3"
"41","Quito","54.88119664309059","Quito","21","1607733","13.061870347874928","85.522916047888486","12.668941694392714","10.679917848373059","Quito","2300","1","2300","2.13","1079.81220657277","1079.81220657277","89.197801121990238","75.193746345837766","Quito","98929","1607733","61.5332272211866","104.43544552835357","37.075205942054559","49.865081171832237","Quito","250","1","250","2.13","117.37089201877934","117.37089201877934","99.390321715681253","83.786041206319297","Quito","7000","1","7000","2.13","3286.3849765258219","3286.3849765258219","85.758998435054764","72.294835680751163"
"42","Rio De Janeiro","44.169716666163609","Rio De Janeiro","12","6453682","1.8594036706487862","96.725382725114628","1.229630270450528","1.0365783179897949","Rio De Janeiro","17712","0.46410000000000001","8220.1391999999996","2.31","3558.5018181818177","3558.5018181818177","64.401546756205477","54.290503915481217","Rio De Janeiro","470777","6453682","72.94704015475196","93.021632594788201","43.952294698912731","37.051784431183428","Rio De Janeiro","0","0.46410000000000001","0","2.31","0","0","100","84.3","Rio De Janeiro","0","0.46410000000000001","0","2.31","0","0","100","84.3"
"43","Rome","53.007936968056441","Rome","26","2889305","8.9987038405429676","89.586082555220443","8.5198709241852839","7.1822511890881939","Rome","3448.1666666666665","1.3277000000000001","4578.1308833333333","7.97","574.42043705562526","574.42043705562526","94.253626915033408","79.455807489373157","Rome","234360","2889305","81.112932002678846","84.855740746861315","48.872435176417099","41.199462853719616","Rome","145","1.3277000000000001","192.51650000000001","7.97","24.155144291091595","24.155144291091595","99.874527093766076","84.194226340044793","Rome","0","1.3277000000000001","0","7.97","0","0","100","84.3"
"44","San Francisco","43.095754587438449","San Francisco","10","1258722","7.9445659963041875","90.640220399459224","7.4434462909815267","6.2748252232974266","San Francisco","17530.125","1","17530.125","11.05","1586.4366515837103","1586.4366515837103","84.129643920064126","70.92128982461405","San Francisco","34626","1258722","27.508854218802881","138.45981853073727","16.574726882533994","13.972494761976156","San Francisco","7786.33","1","7786.33","11.05","704.64524886877825","704.64524886877825","96.339749157611138","81.214408539866184","San Francisco","27014","1","27014","11.05","2444.705882352941","2444.705882352941","89.406274509803922","75.369489411764704"
"45","Santiago","33.928593962195784","Santiago","21","6434576","3.2636183021227816","95.321168093640637","2.6635330829572297","2.2453583889329445","Santiago","3001150","2E-3","6002.3","2.5299999999999998","2372.450592885376","2372.450592885376","76.266536925026941","64.292690627797711","Santiago","446529","6434576","69.395248420408748","96.573424329131413","41.812257259616494","35.247732869856705","Santiago","n/a","2E-3","na","2.5299999999999998","na","na","na","na","Santiago","4900","1","4900","2.5299999999999998","1936.7588932806325","1936.7588932806325","91.607378129117251","77.225019762845847"
"46","Sao Paulo","34.001858399169272","Sao Paulo","18","11895893","1.5131272616524039","97.071659134111016","0.87603281772818775","0.73849566534486222","Sao Paulo","34417.189235294114","0.46410000000000001","15973.017524099998","2.31","6914.72620090909","6914.72620090909","30.826631561910247","25.986850406690337","Sao Paulo","585092.21699999995","11895893","49.184388006852444","116.78428474268772","29.634742022113755","24.982087524641894","Sao Paulo","0","0.46410000000000001","0","2.31","0","0","100","84.3","Sao Paulo","9600","0.46410000000000001","4455.3599999999997","2.31","1928.7272727272725","1928.7272727272725","91.642181818181825","77.254359272727271"
"47","Seoul","42.919560675940069","Seoul","22","10117909","2.1743623114222514","96.410424084341159","1.5512478285543807","1.3077019194713428","Seoul","6741542.8571428573","8.9999999999999998E-4","6067.3885714285716","4.46","1360.4010249839846","1360.4010249839846","86.390853579654362","72.827489567648627","Seoul","274046","10117909","27.085240636182832","138.88343211335734","16.319489809415174","13.757329909336992","Seoul","582000","8.9999999999999998E-4","523.79999999999995","4.46","117.4439461883408","117.4439461883408","99.389942238793978","83.785721307303319","Seoul","13080000","8.9999999999999998E-4","11772","4.46","2639.4618834080716","2639.4618834080716","88.562331838565029","74.658045739910321"
"48","Shanghai","38.98631330299358","Shanghai","29","21766000","1.3323532114306718","97.252433184332745","0.69143680709619559","0.58288122838209289","Shanghai","24009.25","0.1615","3877.4938750000001","2.75","1409.9977727272728","1409.9977727272728","85.894698850559465","72.409231131021627","Shanghai","259662","21766000","11.929706882293484","154.03896586724667","7.1879269049143772","6.05942238084282","Shanghai","28800","0.1615","4651.2","2.75","1691.3454545454545","1691.3454545454545","91.214375411302257","76.893718471727794","Shanghai","63394","0.1615","10238.130999999999","2.75","3722.9567272727272","3722.9567272727272","83.867187515151514","70.700039075272727"
"49","Singapore","40.607797814230004","Singapore","11","5312400","2.07062721180634","96.514159183957076","1.4453195411252722","1.2184043731686045","Singapore","8234.4","0.79949999999999999","6583.4027999999998","4","1645.8507","1645.8507","83.535279119190577","70.420240297477648","Singapore","97345","5312400","18.324109630298921","147.64456311924124","11.040703842918262","9.3073133395800944","Singapore","3216","0.79949999999999999","2571.192","4","642.798","642.798","96.661012155034015","81.485233246693667","Singapore","20000","0.79949999999999999","15990","4","3997.5","3997.5","82.677499999999995","69.697132499999995"
"50","Sydney","49.603388076136532","Sydney","86","4757083","18.078305549850612","80.506480845912805","17.791435352872867","14.998180002471827","Sydney","13118.41","0.96499999999999997","12659.265649999999","16.28","777.59617014742003","777.59617014742003","92.221102497654456","77.742389405522701","Sydney","221863","4757083","46.638454700075656","119.33021804946451","28.100757767977555","23.688938798405079","Sydney","8922.56","0.96499999999999997","8610.2703999999994","16.28","528.88638820638812","528.88638820638812","97.252721350114513","81.984044098146526","Sydney","20000","0.96499999999999997","19300","16.28","1185.5036855036853","1185.5036855036853","94.862817362817367","79.969355036855035"
"51","Tehran","47.813638289076437","Tehran","37","8154051","4.5376218520095097","94.047164543753908","3.9644718656620768","3.3420497827531306","Tehran","422700","1E-4","42.27","2.2400000000000002","18.870535714285715","18.870535714285715","99.811223397476411","84.140861324072617","Tehran","0","8154051","0","165.96867274954016","0","19.494611877531497","Tehran","117500","1E-4","11.75","2.2400000000000002","5.2455357142857135","5.2455357142857135","99.972752279891452","84.277030171948496","Tehran","300","1E-4","3.0000000000000002E-2","2.2400000000000002","1.3392857142857142E-2","1.3392857142857142E-2","99.999941964285711","84.299951075892849"
"52","Tel Aviv","42.186683499527803","Tel Aviv","5","1331300","3.7557274844137307","94.829058911349691","3.1660465340574149","2.6689772282104007","Tel Aviv","12774","0.27729999999999999","3542.2302","6.41","552.61001560062402","552.61001560062402","94.471813474451835","79.639738758962892","Tel Aviv","6626.666666666667","1331300","4.9775908260096644","160.99108192353049","2.9991146784196161","2.5282536739077361","Tel Aviv","2060","0.27729999999999999","571.23799999999994","6.41","89.116692667706701","89.116692667706701","99.537086995290835","83.909764337030168","Tel Aviv","13000","0.27729999999999999","3604.9","6.41","562.38689547581907","562.38689547581907","97.562990119604777","82.245600670826818"
"53","Tokyo","50.112814785451285","Tokyo","53","13202041","4.0145307835356672","94.570255612227754","3.4303215032673648","2.8917610272543883","Tokyo","957945.26239622652","1.0200000000000001E-2","9771.0416764415113","9.1","1073.7408435650013","1073.7408435650013","89.258537674393793","75.244947259513964","Tokyo","1038900","13202041","78.692377943683098","87.276294805857063","47.413994846145521","39.969997655300674","Tokyo","398400","1.0200000000000001E-2","4063.6800000000003","9.1","446.55824175824182","446.55824175824182","97.680371529936082","82.344553199736112","Tokyo","3240000","1.0200000000000001E-2","33048","9.1","3631.6483516483518","3631.6483516483518","84.262857142857143","71.033588571428567"
"54","Toronto","50.186538323746198","Toronto","16","2615060","6.1184064610372229","92.466379934726191","5.5786777328042092","4.7028253287539483","Toronto","6914.2142857142853","0.97109999999999996","6714.3934928571425","9.9499999999999993","674.81341636755201","674.81341636755201","93.249318089959687","78.60917514983602","Toronto","186418","2615060","71.286318478352314","94.682354271187847","42.951671118036238","36.208258752504548","Toronto","7193","0.97109999999999996","6985.1223","9.9499999999999993","702.02234170854274","702.02234170854274","96.353373741269607","81.22589406389028","Toronto","28000","0.97109999999999996","27190.799999999999","9.9499999999999993","2732.7437185929648","2732.7437185929648","88.158110552763816","74.317287195979901"
"55","Vancouver","47.680502974634109","Vancouver","12","603502","19.883944046581455","78.700842349181954","19.635249012694203","16.552514917701213","Vancouver","8258.4040000000005","0.97109999999999996","8019.7361244000003","9.9499999999999993","806.0036305929649","806.0036305929649","91.93692064132415","77.502824100636261","Vancouver","19016.5","603502","31.510251830151347","134.4584209193888","18.98566235912655","16.004913368743683","Vancouver","8513","0.97109999999999996","8266.9742999999999","9.9499999999999993","830.85168844221107","830.85168844221107","95.684174983932735","80.661759511455287","Vancouver","35000","0.97109999999999996","33988.5","9.9499999999999993","3415.9296482412065","3415.9296482412065","85.197638190954763","71.821608994974866"
"56","Warsaw","72.305558082602758","Warsaw","170","1724404","98.584786395763416","0","100","84.3","Warsaw","5060.3999999999996","0.31690000000000002","1603.64076","2.66","602.87246616541347","602.87246616541347","93.96899920379245","79.215866328797034","Warsaw","145595","1724404","84.432070442889255","81.536602306650906","50.872293574525308","42.885343483324831","Warsaw","2835","0.31690000000000002","898.41150000000005","2.66","337.74868421052633","337.74868421052633","98.245578313510308","82.821022518289183","Warsaw","n/a","0.31690000000000002",NA,"2.66","na","na","na","0"
"57","Washington","59.989091348871085","Washington","22","658893","33.389336356585972","65.195450039177445","33.426174974627941","28.178265503611353","Washington","20594","1","20594","8.25","2496.242424242424","2496.242424242424","75.028151237541422","63.248731493247419","Washington","88933","658893","134.97335682728456","30.9953159222556","81.324598546961937","68.556636575088916","Washington","8152.67","1","8152.67","8.25","988.20242424242429","988.20242424242429","94.866823040968754","79.972731823536662","Washington","40885","1","40885","8.25","4955.757575757576","4955.757575757576","78.525050505050501","66.196617575757571"
"58",NA,NA,"highest","98.584786395763416",NA,NA,NA,NA,NA,"highest","9996.2259422103725",NA,NA,NA,NA,NA,NA,NA,"highest","165.96867274954016",NA,NA,NA,NA,NA,"highest","19251.283018867925",NA,NA,NA,NA,NA,NA,NA,"highest","23076.923076923074",NA,NA,NA,NA,NA,NA,NA
"59",NA,"Africa","lowest","0.65523222889572941",NA,NA,NA,NA,NA,"lowest","0",NA,NA,NA,NA,NA,NA,NA,"lowest","0",NA,NA,NA,NA,NA,"lowest","0",NA,NA,NA,NA,NA,NA,NA,"lowest","0",NA,NA,NA,NA,NA,NA,NA
"60",NA,"Asia","difference","97.929554166867689",NA,NA,NA,NA,NA,"difference","9996.2259422103725",NA,NA,NA,NA,NA,NA,NA,"difference","165.96867274954016",NA,NA,NA,NA,NA,"difference","19251.283018867925",NA,NA,NA,NA,NA,NA,NA,"difference","23076.923076923074",NA,NA,NA,NA,NA,NA,NA
"61",NA,"Europe","count","55",NA,NA,NA,NA,NA,"count","55",NA,NA,NA,NA,NA,NA,NA,"count","55",NA,NA,NA,NA,NA,"count","55",NA,NA,NA,NA,NA,NA,NA,"count","55",NA,NA,NA,NA,NA,NA,NA
"62",NA,"Latin America","ratio","1.0211421960484408",NA,NA,NA,NA,NA,"ratio","1.0003775482678608E-2",NA,NA,NA,NA,NA,NA,NA,"ratio","0.60252334578169398",NA,NA,NA,NA,NA,"ratio","5.1944589823956847E-3",NA,NA,NA,NA,NA,NA,NA,"ratio","4.333333333333334E-3",NA,NA,NA,NA,NA,NA,NA
"63",NA,"USA/Can",NA,NA,NA,NA,NA,NA,NA,NA,NA,NA,NA,NA,NA,NA,NA,NA,NA,NA,NA,NA,NA,NA,NA,NA,NA,NA,NA,NA,NA,NA,NA,NA,NA,NA,NA,NA,NA,NA,NA,NA,NA
"64",NA,"Middle East ",NA,NA,NA,NA,NA,NA,NA,NA,NA,NA,NA,NA,NA,NA,NA,NA,NA,NA,NA,NA,NA,NA,NA,NA,NA,NA,NA,NA,NA,NA,NA,NA,NA,NA,NA,NA,NA,NA,NA,NA,NA
"65","Warsaw","72.305558082602758","Warsaw","170","1724404","98.584786395763416","0","100","84.3","Buenos Aires","0","0.1832","0","3.44","0","0","100","84.3","Mexico City","1469002","8851080","165.96867274954016","0","100","84.3","Santiago","n/a","2E-3","na","2.5299999999999998","na","na","na","na","Cairo",NA,"0.14630000000000001","0","0.91","0","0","100","84.3"
"66","Washington","59.989091348871085","Boston","30","645966","46.44207280259333","52.142713593170086","46.754874933545409","39.414359568978782","Bogota","5390","5.0000000000000001E-4","2.6949999999999998","1.72","1.566860465116279","1.566860465116279","99.984325479694292","84.286786379382292","Washington","88933","658893","134.97335682728456","30.9953159222556","81.324598546961937","68.556636575088916","Casablanca",NA,"0.1201","0","1.47","0","0","100","84.3","Caracas","0","0.1651","0","0.53","0","0","100","84.3"
"67","Boston","59.475212543587261","Amsterdam","29","813562","35.645715999518167","62.939070396245249","35.730259438330719","30.120608706512794","Tehran","422700","1E-4","42.27","2.2400000000000002","18.870535714285715","18.870535714285715","99.811223397476411","84.140861324072617","Boston","80835","645966","125.13816516658771","40.83050758295245","75.398665961154663","63.561075405253376","Rio De Janeiro",NA,"0.46410000000000001","0","2.31","0","0","100","84.3","Casablanca",NA,"0.1201","0","1.47","0","0","100","84.3"
"68","Buenos Aires","57.469283615568393","Washington","22","658893","33.389336356585972","65.195450039177445","33.426174974627941","28.178265503611353","Paris","388.5","1.3277000000000001","515.81145000000004","12.52","41.198997603833867","41.198997603833867","99.587854477859835","83.952561324835841","Bogota","0","7776845","0","165.96867274954016","0","49.865081171832237","Sao Paulo",NA,"0.46410000000000001","0","2.31","0","0","100","84.3","Dubai","0","0.27229999999999999","0","1.56","0","0","100","84.3"
"69","Bogota","57.257219989989252","Caracas","69","2906376","23.740906200711812","74.843880195051611","23.573755816838599","19.872676153594938","Berlin","599","1.3277000000000001","795.29230000000007","11.29","70.442187776793631","70.442187776793631","99.295312168972274","83.705948158443618","Buenos Aires","0","2890151","0","165.96867274954016","0","49.865081171832237","Jakarta","40060","1E-4","4.0060000000000002","1.47","2.7251700680272113","2.7251700680272113","99.985844215861576","84.288066673971301","Karachi","0","9.9000000000000008E-3","0","0.52","0","0","100","84.3"
"70","Quito","54.88119664309059","Mexico City","192","8851080","21.692268062202576","76.892518333560844","21.481804969172686","18.109161589012572","Cairo","500","0.14630000000000001","73.150000000000006","0.91","80.384615384615387","80.384615384615387","99.195850355430835","83.622101849628194","Lima",NA,"9752000","0","165.96867274954016","0","49.865081171832237","Tehran","117500","1E-4","11.75","2.2400000000000002","5.2455357142857135","5.2455357142857135","99.972752279891452","84.277030171948496","Lagos","0","6.3E-3","0","0.71","0","0","100","84.3"
"71","Rome","53.007936968056441","Buenos Aires","59","2890151","20.414158291383391","78.170628104380029","20.176673151007407","17.008935466299242","Bangkok","6234","3.2599999999999997E-2","203.22839999999999","1.22","166.58065573770492","166.58065573770492","98.333564520242618","82.895194890564525","Quito","98929","1607733","61.5332272211866","104.43544552835357","37.075205942054559","49.865081171832237","Rome","145","1.3277000000000001","192.51650000000001","7.97","24.155144291091595","24.155144291091595","99.874527093766076","84.194226340044793","Moscow","0","3.1399999999999997E-2","0","1.21","0","0","100","84.3"
"72","Bangkok","51.403861609875484","Vancouver","12","603502","19.883944046581455","78.700842349181954","19.635249012694203","16.552514917701213","Jakarta","5900000","1E-4","590","1.47","401.36054421768711","401.36054421768711","95.984879228040555","80.915253189238186","Bangkok","750716","8280925","90.656055935780117","75.312616813760044","54.622390137798639","46.046674886164254","Karachi","1300","9.9000000000000008E-3","12.870000000000001","0.52","24.75","24.75","99.871437140185705","84.191621509176542","New Delhi","0","1.7100000000000001E-2","0","0.62","0","0","100","84.3"
"73","Amsterdam","50.624820556530295","Dubai","41","2213845","18.519815072870955","80.064971322892461","18.242279356786156","15.378241497770729","Montreal","4597.8","0.97109999999999996","4464.9235799999997","10.050000000000001","444.27100298507457","444.27100298507457","95.555612632672876","80.553381449343235","Warsaw","145595","1724404","84.432070442889255","81.536602306650906","50.872293574525308","42.885343483324831","Berlin","258","1.3277000000000001","342.54660000000001","11.29","30.340708591674051","30.340708591674051","99.842396433723735","84.167140193629109","Paris","0","1.3277000000000001","0","12.52","0","0","100","84.3"
"74","Berlin","50.49679985215559","Detroit","13","713777","18.212971278144295","80.371815117619121","17.928948210395134","15.114103341363098","Tel Aviv","12774","0.27729999999999999","3542.2302","6.41","552.61001560062402","552.61001560062402","94.471813474451835","79.639738758962892","Rome","234360","2889305","81.112932002678846","84.855740746861315","48.872435176417099","41.199462853719616","Dar Es Salaam","24000","5.9999999999999995E-4","14.399999999999999","0.26","55.38461538461538","55.38461538461538","99.712306887128861","84.057474705849629","Rio De Janeiro",NA,"0.46410000000000001","0","2.31","0","0","100","84.3"
"75","Toronto","50.186538323746198","Sydney","86","4757083","18.078305549850612","80.506480845912805","17.791435352872867","14.998180002471827","Rome","3448.1666666666665","1.3277000000000001","4578.1308833333333","7.97","574.42043705562526","574.42043705562526","94.253626915033408","79.455807489373157","Tokyo","1038900","13202041","78.692377943683098","87.276294805857063","47.413994846145521","39.969997655300674","Amsterdam","493","1.3277000000000001","654.55610000000001","9.2799999999999994","70.534062500000005","70.534062500000005","99.63361370548202","83.991136353721345","Rome","0","1.3277000000000001","0","7.97","0","0","100","84.3"
"76","Cairo","50.144291351125204","Dallas","21","1258000","16.693163751987282","81.891622643776131","16.377008615564222","13.805818262920639","Lagos","66708","6.3E-3","420.2604","0.71","591.91605633802817","591.91605633802817","94.078604667801827","79.308263734956938","Madrid","247309.77600000001","3165235","78.133148407622187","87.835524341917974","47.07704599501816","39.68594977380031","Tel Aviv","2060","0.27729999999999999","571.23799999999994","6.41","89.116692667706701","89.116692667706701","99.537086995290835","83.909764337030168","Tehran","300","1E-4","3.0000000000000002E-2","2.2400000000000002","1.3392857142857142E-2","1.3392857142857142E-2","99.999941964285711","84.299951075892849"
"77","Tokyo","50.112814785451285","Bogota","110","7776845","14.144553478949369","84.44023291681404","13.774515124482676","11.611916249938895","Warsaw","5060.3999999999996","0.31690000000000002","1603.64076","2.66","602.87246616541347","602.87246616541347","93.96899920379245","79.215866328797034","Chicago","203657","2718782","74.907440169899616","91.061232579640546","45.133481475109981","38.04752488351771","Madrid","450","1.3277000000000001","597.46500000000003","6.24","95.74759615384616","95.74759615384616","99.502643039115853","83.880728081974667","Buenos Aires","1","0.1832","0.1832","3.44","5.3255813953488371E-2","5.3255813953488371E-2","99.999769224806201","84.299805456511621"
"78","Madrid","50.030519008251957","Berlin","47","3421829","13.735344460520967","84.849441935242453","13.356654528761851","11.259659767746241","Toronto","6914.2142857142853","0.97109999999999996","6714.3934928571425","9.9499999999999993","674.81341636755201","674.81341636755201","93.249318089959687","78.60917514983602","Rio De Janeiro","470777","6453682","72.94704015475196","93.021632594788201","43.952294698912731","37.051784431183428","Nairobi","7773.33","1.18E-2","91.725293999999991","0.9","101.91699333333332","101.91699333333332","99.470596358520908","83.853712730233127","Tel Aviv","13000","0.27729999999999999","3604.9","6.41","562.38689547581907","562.38689547581907","97.562990119604777","82.245600670826818"
"79","Chicago","49.714441595472636","Casablanca","54","4055807","13.314243010084059","85.27054338567936","12.926650068903527","10.897166008085673","Sydney","13118.41","0.96499999999999997","12659.265649999999","16.28","777.59617014742003","777.59617014742003","92.221102497654456","77.742389405522701","Toronto","186418","2615060","71.286318478352314","94.682354271187847","42.951671118036238","36.208258752504548","Moscow","4067","3.1399999999999997E-2","127.70379999999999","1.21","105.54033057851238","105.54033057851238","99.451775081821438","83.837846393975468","Osaka","591300","1.0200000000000001E-2","6031.26","8.39","718.86293206197854","718.86293206197854","96.884927294398096","81.673993709177594"
"80","Dallas","49.688078352145368","Chicago","36","2718782","13.241223459622727","85.343562936140685","12.852086724790979","10.834309108998795","Vancouver","8258.4040000000005","0.97109999999999996","8019.7361244000003","9.9499999999999993","806.0036305929649","806.0036305929649","91.93692064132415","77.502824100636261","Dallas","88429","1258000","70.293322734499199","95.675350015040962","42.353368000102876","35.703889224086723","Quito","250","1","250","2.13","117.37089201877934","117.37089201877934","99.390321715681253","83.786041206319297","Johannesburg","10774","0.1038","1118.3412000000001","1.38","810.39217391304362","810.39217391304362","96.488300579710142","81.33963738869565"
"81","Sydney","49.603388076136532","Quito","21","1607733","13.061870347874928","85.522916047888486","12.668941694392714","10.679917848373059","Amsterdam","5990.333333333333","1.3277000000000001","7953.3655666666673","9.2799999999999994","857.04370330459778","857.04370330459778","91.426327213297384","77.072393840809696","Cairo","716870","10230350","70.072871407136617","95.895801342403544","42.220540928758354","35.591916002943293","Seoul","582000","8.9999999999999998E-4","523.79999999999995","4.46","117.4439461883408","117.4439461883408","99.389942238793978","83.785721307303319","Berlin","8510","1.3277000000000001","11298.727000000001","11.29","1000.7729849424271","1000.7729849424271","95.663317065249487","80.644176286005319"
"82","Mexico City","49.564447414407311","Beirut","23","1900000","12.105263157894736","86.479523237868676","11.692109727660608","9.8564485004178923","Tokyo","957945.26239622652","1.0200000000000001E-2","9771.0416764415113","9.1","1073.7408435650013","1073.7408435650013","89.258537674393793","75.244947259513964","Santiago","446529","6434576","69.395248420408748","96.573424329131413","41.812257259616494","35.247732869856705","Bogota","813000","5.0000000000000001E-4","406.5","1.72","236.33720930232559","236.33720930232559","98.77235606026521","83.265096158803573","Istanbul","5200","0.52529999999999999","2731.56","2.4700000000000002","1105.8947368421052","1105.8947368421052","95.207789473684215","80.260166526315786"
"83","Paris","49.268735995170303","Nairobi","37","3138369","11.789563305016076","86.795223090747342","11.369735286599919","9.5846868466037325","Quito","2300","1","2300","2.13","1079.81220657277","1079.81220657277","89.197801121990238","75.193746345837766","Beirut","131000","1900000","68.94736842105263","97.021304328487531","41.542399103895747","35.020242444584113","Warsaw","2835","0.31690000000000002","898.41150000000005","2.66","337.74868421052633","337.74868421052633","98.245578313510308","82.821022518289183","Sydney","20000","0.96499999999999997","19300","16.28","1185.5036855036853","1185.5036855036853","94.862817362817367","79.969355036855035"
"84","Jakarta","48.75320270245345","Paris","65","6500000","10","88.584786395763416","9.5423366833480969","8.0441898240624461","New Delhi","42313.1","1.7100000000000001E-2","723.55400999999995","0.62","1167.0225967741935","1167.0225967741935","88.325367958658404","74.458285189149038","Miami","171222","2496435","68.586604498014168","97.382068251525993","41.325030417949279","34.83700064233124","Hong Kong","12498","0.12889999999999999","1610.9921999999999","3.87","416.27705426356584","416.27705426356584","97.837665916315402","82.477152367453883","Mexico City","8695","7.8399999999999997E-2","681.68799999999999","0.56999999999999995","1195.9438596491229","1195.9438596491229","94.817576608187139","79.931217080701757"
"85","Detroit","48.066307104021838","Rome","26","2889305","8.9987038405429676","89.586082555220443","8.5198709241852839","7.1822511890881939","Manila","67128.205128205125","2.3599999999999999E-2","1584.2256410256409","1.29","1228.0818922679387","1228.0818922679387","87.714544475408445","73.943360992769314","Detroit","46179","713777","64.696676973340416","101.27199577619974","38.981258270934546","32.861200722397818","Tokyo","398400","1.0200000000000001E-2","4063.6800000000003","9.1","446.55824175824182","446.55824175824182","97.680371529936082","82.344553199736112","Montreal","13180","0.97109999999999996","12799.098","10.050000000000001","1273.5420895522386","1273.5420895522386","94.481317611940298","79.647750746865668"
"86","Tehran","47.813638289076437","Montreal","34","3824220","8.8907018947654688","89.694084500997945","8.4095855800965467","7.0892806440213887","Seoul","6741542.8571428573","8.9999999999999998E-4","6067.3885714285716","4.46","1360.4010249839846","1360.4010249839846","86.390853579654362","72.827489567648627","Los Angeles","234562","3884307","60.387090927673846","105.58158182186631","36.38463206776543","30.672244833126257","Istanbul","2169","0.52529999999999999","1139.3757000000001","2.4700000000000002","461.28570850202425","461.28570850202425","97.603870308020902","82.280062669661618","Sao Paulo","9600","0.46410000000000001","4455.3599999999997","2.31","1928.7272727272725","1928.7272727272725","91.642181818181825","77.254359272727271"
"87","Vancouver","47.680502974634109","Madrid","27","3165235","8.5301723252775865","90.054614070485826","8.0414336237692794","6.7789285448375027","Shanghai","24009.25","0.1615","3877.4938750000001","2.75","1409.9977727272728","1409.9977727272728","85.894698850559465","72.409231131021627","Jakarta","649649","11374022","57.116910799011997","108.85176195052816","34.414272195335286","29.011231460667645","Mexico City","3493","7.8399999999999997E-2","273.85120000000001","0.56999999999999995","480.440701754386","480.440701754386","97.50437048126345","82.196184315705082","Santiago","4900","1","4900","2.5299999999999998","1936.7588932806325","1936.7588932806325","91.607378129117251","77.225019762845847"
"88","Miami","46.922536278848035","Accra","19","2269000","8.3737329219920671","90.211053473771344","7.8816867479498001","6.6442619285216811","Mumbai","36425","1.7100000000000001E-2","622.86750000000006","0.43","1448.529069767442","1448.529069767442","85.509240405913218","72.084289662184844","Caracas","161610","2906376","55.605331175319364","110.3633415742208","33.503510183052555","28.243459084313304","Sydney","8922.56","0.96499999999999997","8610.2703999999994","16.28","528.88638820638812","528.88638820638812","97.252721350114513","81.984044098146526","Los Angeles","17493","1","17493","9","1943.6666666666667","1943.6666666666667","91.577444444444438","77.199785666666656"
"89","Montreal","46.17810505665242","Los Angeles","31","3884307","7.9808315872046167","90.603954808558797","7.4804786161145813","6.3060434733845918","Karachi","79342.5","9.9000000000000008E-3","785.49075000000005","0.52","1510.5591346153847","1510.5591346153847","84.8887055639984","71.561178790450654","Mumbai","618400","12442373","49.701130162228701","116.26754258731145","29.946091234477507","25.244554910664537","Paris","5000","1.3277000000000001","6638.5000000000009","12.52","530.23162939297129","530.23162939297129","97.245733549949378","81.978153382607317","Amsterdam","14450","1.3277000000000001","19185.265000000003","9.2799999999999994","2067.3776939655177","2067.3776939655177","91.041363326149423","76.747869283943956"
"90","Mumbai","45.967481055128879","San Francisco","10","1258722","7.9445659963041875","90.640220399459224","7.4434462909815267","6.2748252232974266","Osaka","1279429.4736842106","1.0200000000000001E-2","13050.180631578949","8.39","1555.4446521548209","1555.4446521548209","84.43968092411005","71.182651019024775","Sao Paulo","585092.21699999995","11895893","49.184388006852444","116.78428474268772","29.634742022113755","24.982087524641894","Boston","4,263.33","1","4263.33","8","532.91624999999999","532.91624999999999","97.231788398322877","81.966397619786179","Jakarta","30400000","1E-4","3040","1.47","2068.0272108843537","2068.0272108843537","91.038548752834458","76.745496598639448"
"91","Los Angeles","45.168831692754644","Osaka","20","2683487","7.4529893381261028","91.131797057637314","6.9414766227233997","5.8516647929558259","San Francisco","17530.125","1","17530.125","11.05","1586.4366515837103","1586.4366515837103","84.129643920064126","70.92128982461405","Sydney","221863","4757083","46.638454700075656","119.33021804946451","28.100757767977555","23.688938798405079","New Delhi","19940","1.7100000000000001E-2","340.97399999999999","0.62","549.95806451612907","549.95806451612907","97.143265391833253","81.891772725315434","Nairobi","160000","1.18E-2","1888","0.9","2097.7777777777778","2097.7777777777778","90.90962962962962","76.636817777777765"
"92","Rio De Janeiro","44.169716666163609","Miami","18","2496435","7.2102818619351199","91.374504533828301","6.6936377774883624","5.6427366464226889","Hong Kong","48028.888888888891","0.12889999999999999","6190.9237777777771","3.87","1599.7219064025264","1599.7219064025264","83.996741213626521","70.809252843087151","Paris","0","6500000","0","165.96867274954016","0","23.100039449175608","Montreal","5749.28","0.97109999999999996","5583.1258079999998","10.050000000000001","555.53490626865664","555.53490626865664","97.114296716098437","81.867352131670984","San Francisco","27014","1","27014","11.05","2444.705882352941","2444.705882352941","89.406274509803922","75.369489411764704"
"93","San Francisco","43.095754587438449","Durban","21","3161844","6.6416938976116473","91.943092498151771","6.113028614952384","5.1532831224048596","Singapore","8234.4","0.79949999999999999","6583.4027999999998","4","1645.8507","1645.8507","83.535279119190577","70.420240297477648","Berlin","153967","3421829","44.995527245809186","120.97314550373098","27.110855621356322","22.854451288803379","Mumbai","14483.33","1.7100000000000001E-2","247.66494299999999","0.43","575.96498372093026","575.96498372093026","97.008173516765424","81.777890274633251","New York City","22675.5","1","22675.5","8.75","2591.4857142857145","2591.4857142857145","88.770228571428561","74.833302685714273"
"94","Seoul","42.919560675940069","Mumbai","77","12442373","6.1885301139903133","92.396256281773105","5.6502839537756699","4.7631893730328896","Nairobi","129237.75","1.18E-2","1525.0054499999999","0.9","1694.4504999999999","1694.4504999999999","83.049097631487484","70.010389303343942","Tehran",NA,"8154051","0","165.96867274954016","0","19.494611877531497","Osaka","480000","1.0200000000000001E-2","4896","8.39","583.55184743742552","583.55184743742552","96.968763864385068","81.74466793767661","Seoul","13080000","8.9999999999999998E-4","11772","4.46","2639.4618834080716","2639.4618834080716","88.562331838565029","74.658045739910321"
"95","Lagos","42.729917042419075","Toronto","16","2615060","6.1184064610372229","92.466379934726191","5.5786777328042092","4.7028253287539483","Casablanca","20831.57894736842","0.1201","2501.8726315789472","1.47","1701.9541711421409","1701.9541711421409","82.974032590085656","69.947109473442211","Vancouver","19016.5","603502","31.510251830151347","134.4584209193888","18.98566235912655","16.004913368743683","Singapore","3216","0.79949999999999999","2571.192","4","642.798","642.798","96.661012155034015","81.485233246693667","Toronto","28000","0.97109999999999996","27190.799999999999","9.9499999999999993","2732.7437185929648","2732.7437185929648","88.158110552763816","74.317287195979901"
"96","Tel Aviv","42.186683499527803","Bangkok","48","8280925","5.7964538985680942","92.788332497195327","5.2499183861410614","4.425681199516915","Madrid","8094.0395238095243","1.3277000000000001","10746.456275761906","6.24","1722.1885057310747","1722.1885057310747","82.771612849816563","69.776469632395361","Montreal","114460","3824220","29.930286437495752","136.03838631204439","18.033696324524414","15.202406001574079","Lagos","75000","6.3E-3","472.5","0.71","665.49295774647885","665.49295774647885","96.543124127912733","81.38585363983043","Chicago","23841","1","23841","8.25","2889.818181818182","2889.818181818182","87.477454545454549","73.743494181818178"
"97","Nairobi","42.120051234916971","London","46","8173941","5.6276403267407975","92.957146069022613","5.0775357246825621","4.2803626159074","Chicago","14379.15","1","14379.15","8.25","1742.9272727272728","1742.9272727272728","82.564146880999019","69.601575820682172","San Francisco","34626","1258722","27.508854218802881","138.45981853073727","16.574726882533994","13.972494761976156","Toronto","7193","0.97109999999999996","6985.1223","9.9499999999999993","702.02234170854274","702.02234170854274","96.353373741269607","81.22589406389028","Bogota","10090658","5.0000000000000001E-4","5045.3289999999997","1.72","2933.3308139534884","2933.3308139534884","87.288899806201556","73.584542536627907"
"98","Casablanca","42.035065428832439","Tehran","37","8154051","4.5376218520095097","94.047164543753908","3.9644718656620768","3.3420497827531306","Dallas","12754.95","1","12754.95","7.25","1759.3034482758621","1759.3034482758621","82.400323297545995","69.463472539831272","Seoul","274046","10117909","27.085240636182832","138.88343211335734","16.319489809415174","13.757329909336992","San Francisco","7786.33","1","7786.33","11.05","704.64524886877825","704.64524886877825","96.339749157611138","81.214408539866184","Boston","25621","1","25621","8","3202.625","3202.625","86.121958333333339","72.600810875000008"
"99","Osaka","41.224828380637661","Tokyo","53","13202041","4.0145307835356672","94.570255612227754","3.4303215032673648","2.8917610272543883","London","9146.5731707317082","1.5636000000000001","14301.5818097561","7.85","1821.8575553829428","1821.8575553829428","81.774546054527335","68.935942323966543","Manila","296703","11855975","25.025609450087401","140.94306329945277","15.078513936092634","12.711187248126089","Detroit","5,798.00","1","5798","8.15","711.41104294478521","711.41104294478521","96.304604517799973","81.184781608505375","Detroit","26479","1","26479","8.15","3248.9570552147238","3248.9570552147238","85.921186094069526","72.431559877300614"
"100","Manila","40.924228051368317","Tel Aviv","5","1331300","3.7557274844137307","94.829058911349691","3.1660465340574149","2.6689772282104007","Johannesburg","27146.67","0.1038","2817.8243459999999","1.38","2041.9017000000001","2041.9017000000001","79.573273835500231","67.08026984332669","Amsterdam","18123.8","813562","22.277097504554046","143.69157524498613","13.422471322748933","11.315143325077351","Miami","6262","1","6262","8.0500000000000007","777.88819875776392","777.88819875776392","95.959291658663133","80.893682868253023","Quito","7000","1","7000","2.13","3286.3849765258219","3286.3849765258219","85.758998435054764","72.294835680751163"
"101","Hong Kong","40.689133925435343","Hong Kong","25","7071600","3.5352678318909443","95.049518563872468","2.9409258803402309","2.4792005171268148","Miami","17166.16","1","17166.16","8.0500000000000007","2132.4422360248445","2132.4422360248445","78.667526641026313","66.31672495838518","Lagos","262616","13400000","19.598208955223882","146.37046379431627","11.808378431030263","9.9544630173585116","New York City","7137.67","1","7137.67","8.75","815.73371428571431","815.73371428571431","95.762704680585571","80.727960045733639","Dallas","24311","1","24311","7.25","3353.2413793103447","3353.2413793103447","85.469287356321843","72.050609241379306"
"102","London","40.653964273732868","Lima","33","9752000","3.3839212469237077","95.200865148839711","2.7863794962023434","2.3489179152985753","Santiago","3001150","2E-3","6002.3","2.5299999999999998","2372.450592885376","2372.450592885376","76.266536925026941","64.292690627797711","Accra","43706","2269000","19.262230057293962","146.70644269224618","11.605943301337476","9.7838102030274925","Vancouver","8513","0.97109999999999996","8266.9742999999999","9.9499999999999993","830.85168844221107","830.85168844221107","95.684174983932735","80.661759511455287","Vancouver","35000","0.97109999999999996","33988.5","9.9499999999999993","3415.9296482412065","3415.9296482412065","85.197638190954763","71.821608994974866"
"103","Singapore","40.607797814230004","Santiago","21","6434576","3.2636183021227816","95.321168093640637","2.6635330829572297","2.2453583889329445","Los Angeles","22324.2","1","22324.2","9","2480.4666666666667","2480.4666666666667","75.18596837439847","63.381771339617906","London","157397","8173941","19.255950098000461","146.71272265153971","11.602159479252578","9.7806204410099227","Chicago","7396","1","7396","8.25","896.4848484848485","896.4848484848485","95.343246226206247","80.374356568691866","Miami","27907","1","27907","8.0500000000000007","3466.7080745341614","3466.7080745341614","84.977598343685301","71.636115403726706"
"104","Karachi","40.541477459999669","Dar Es Salaam","14","4364541","3.207668343589853","95.377118052173557","2.6064002194321034","2.1971953849812631","Washington","20594","1","20594","8.25","2496.242424242424","2496.242424242424","75.028151237541422","63.248731493247419","Singapore","97345","5312400","18.324109630298921","147.64456311924124","11.040703842918262","9.3073133395800944","Los Angeles","8189.81","1","8189.81","9","909.97888888888895","909.97888888888895","95.273151986820665","80.315267124889814","Tokyo","3240000","1.0200000000000001E-2","33048","9.1","3631.6483516483518","3631.6483516483518","84.262857142857143","71.033588571428567"
"105","New Delhi","39.699159222951714","Istanbul","41","14377018","2.8517735736298024","95.733012822133617","2.2429810524729419","1.89083302723469","Detroit","20483.142857142859","1","20483.142857142859","8.15","2513.2690622261175","2513.2690622261175","74.857820573927711","63.105142743821055","Istanbul","251911","14377018","17.521783724552616","148.44688902498754","10.557283753780681","8.8997902044371138","Cairo","6000","0.14630000000000001","877.80000000000007","0.91","964.61538461538464","964.61538461538464","94.989344950827544","80.076017793547621","Shanghai","63394","0.1615","10238.130999999999","2.75","3722.9567272727272","3722.9567272727272","83.867187515151514","70.700039075272727"
"106","Beirut","39.400774782135741","New York City","20","8405837","2.3792990513615715","96.205487344401845","1.7605173812270181","1.4841161523743762","Durban","34032.33","0.1038","3532.5558540000002","1.38","2559.823082608696","2559.823082608696","74.392104606204356","62.712544183030268","Moscow","185250","11503501","16.103793097423122","149.86487965211705","9.7029112968355236","8.1795542232323459","Washington","8152.67","1","8152.67","8.25","988.20242424242429","988.20242424242429","94.866823040968754","79.972731823536662","Singapore","20000","0.79949999999999999","15990","4","3997.5","3997.5","82.677499999999995","69.697132499999995"
"107","Shanghai","38.98631330299358","Seoul","22","10117909","2.1743623114222514","96.410424084341159","1.5512478285543807","1.3077019194713428","Caracas","8476.0736842105252","0.1651","1399.3997652631576","0.53","2640.3769155908635","2640.3769155908635","73.58626214678155","62.033218989736845","Johannesburg","69638","4434827","15.702529095272487","150.26614365426767","9.4611403677179879","7.9757413299862634","Dallas","7,485.00","1","7485","7.25","1032.4137931034484","1032.4137931034484","94.637168898864587","79.779133381742838","London","22000","1.5636000000000001","34399.200000000004","7.85","4382.0636942675164","4382.0636942675164","81.011057324840763","68.292321324840756"
"108","Durban","38.537783235244547","Cairo","22","10230350","2.1504640603693912","96.434322335394029","1.526844315992534","1.2871297583817061","New York City","27934.1","1","27934.1","8.75","3192.4685714285711","3192.4685714285711","68.063261175920857","57.377329171301284","Durban","47897","3161844","15.148438695900241","150.82023405363992","9.1272879664226991","7.6943037556943352","London","5366.87","1.5636000000000001","8391.6379319999996","7.85","1068.9984626751593","1068.9984626751593","94.447131333389848","79.618931714047633","Washington","40885","1","40885","8.25","4955.757575757576","4955.757575757576","78.525050505050501","66.196617575757571"
"109","Johannesburg","38.027630857374682","Singapore","11","5312400","2.07062721180634","96.514159183957076","1.4453195411252722","1.2184043731686045","Rio De Janeiro","17712","0.46410000000000001","8220.1391999999996","2.31","3558.5018181818177","3558.5018181818177","64.401546756205477","54.290503915481217","New York City","122366","8405837","14.557265385945504","151.41140736359466","8.7710922457719249","7.3940307631857323","Buenos Aires","24000","0.1832","4396.8","3.44","1278.1395348837209","1278.1395348837209","93.360756612268219","78.703117824142112","Hong Kong","150500","0.12889999999999999","19399.449999999997","3.87","5012.7777777777765","5012.7777777777765","78.27796296296296","65.988322777777768"
"110","New York City","36.745859033148761","Manila","23","11855975","1.939950109543922","96.644836286219487","1.3118796379477971","1.1059145347899928","Accra","2765.5","0.48759999999999998","1348.4577999999999","0.37","3644.4805405405405","3644.4805405405405","63.541434921441258","53.56542963877498","Hong Kong","97331","7071600","13.7636461338311","152.20502661570907","8.2929181187111851","6.9909299740735289","Durban","17333","0.1038","1799.1654000000001","1.38","1303.7430434782611","1303.7430434782611","93.227760237068452","78.591001879848704","Bangkok","200000","3.2599999999999997E-2","6519.9999999999991","1.22","5344.2622950819668","5344.2622950819668","76.841530054644807","64.777409836065573"
"111","Istanbul","35.869440270755263","Rio De Janeiro","12","6453682","1.8594036706487862","96.725382725114628","1.229630270450528","1.0365783179897949","Boston","29731.107142857141","1","29731.107142857141","8","3716.3883928571427","3716.3883928571427","62.822084911424362","52.959017580330737","Osaka","32335","2683487","12.049620512415377","153.91905223712479","7.260177666540244","6.1203297728934256","Shanghai","28800","0.1615","4651.2","2.75","1691.3454545454545","1691.3454545454545","91.214375411302257","76.893718471727794","Beirut","12270000","6.9999999999999999E-4","8589","1.4","6135","6135","73.414999999999992","61.888844999999989"
"112","Moscow","34.705825510112582","Johannesburg","8","4434827","1.8039035119070035","96.780882883856407","1.1729567164719157","0.98880251198582492","Istanbul","18897.619047619046","0.52529999999999999","9926.9192857142843","2.4700000000000002","4018.9956622325035","4018.9956622325035","59.794869729166805","50.407075181687617","Shanghai","259662","21766000","11.929706882293484","154.03896586724667","7.1879269049143772","6.05942238084282","Lima","6872","0.37619999999999998","2585.2464","1.47","1758.6710204081633","1758.6710204081633","90.864655520961833","76.598904604170826","Durban","132000","0.1038","13701.6","1.38","9928.6956521739139","9928.6956521739139","56.975652173913033","48.030474782608685"
"113","Sao Paulo","34.001858399169272","Jakarta","18","11374022","1.5825536472498469","97.002232748513563","0.94692702958087693","0.79825948593667928","Moscow","172169.55555555556","3.1399999999999997E-2","5406.1240444444438","1.21","4467.8711111111106","4467.8711111111106","55.304420518898638","46.621626497431549","Karachi","270270","23500000","11.500851063829787","154.46782168571036","6.9295312623156917","5.8415948541321283","Johannesburg","25000","0.1038","2595","1.38","1880.4347826086957","1880.4347826086957","90.232158652668986","76.06570974419995","Accra","n/a","0.48759999999999998",NA,"0.37","na","na","na","0"
"114","Santiago","33.928593962195784","Sao Paulo","18","11895893","1.5131272616524039","97.071659134111016","0.87603281772818775","0.73849566534486222","Beirut","10335562.5","6.9999999999999999E-4","7234.8937500000002","1.4","5167.7812500000009","5167.7812500000009","48.302676631403777","40.719156400273384","Nairobi","31088","3138369","9.9057822709821561","156.06289047855802","5.9684650764971536","5.0314160594871007","Manila","104400","2.3599999999999999E-2","2463.84","1.29","1909.953488372093","1909.953488372093","90.078824946367604","75.936449429787885","Dar Es Salaam","10000000","5.9999999999999995E-4","5999.9999999999991","0.26","23076.923076923074","23076.923076923074","0","0"
"115","Lima","33.250070936493643","Shanghai","29","21766000","1.3323532114306718","97.252433184332745","0.69143680709619559","0.58288122838209289","Dar Es Salaam","2818181.8181818184","5.9999999999999995E-4","1690.9090909090908","0.26","6503.4965034965026","6503.4965034965026","34.940481126635632","29.454825589753838","Dubai","21087","2213845","9.5250570839421922","156.44361566559797","5.7390692629784752","4.8380353886908543","Bangkok","103000","3.2599999999999997E-2","3357.7999999999997","1.22","2752.2950819672128","2752.2950819672128","85.703316089271937","72.247895463256242","Lima","NA","0.37619999999999998",NA,"1.47","na","na","na","0"
"116","Dar Es Salaam","29.634299037337342","Karachi","31","23500000","1.3191489361702129","97.265637459593208","0.67795336445949772","0.57151468623935653","Sao Paulo","34417.189235294114","0.46410000000000001","15973.017524099998","2.31","6914.72620090909","6914.72620090909","30.826631561910247","25.986850406690337","Casablanca","23923","4055807","5.8984562135229801","160.07021653601717","3.5539575727187014","2.9959862338018652","Beirut","5614500","6.9999999999999999E-4","3930.15","1.4","2807.2500000000005","2807.2500000000005","85.417855021669709","72.007251783267563","Madrid","no","1.3277000000000001",NA,"6.24","na","na","na","0"
"117","Caracas","27.537338556911266","Lagos","13","13400000","0.97014925373134342","97.614637142032066","0.32157506231368416","0.27108777753043573","Mexico City","60906.609756097561","7.8399999999999997E-2","4775.0782048780484","0.56999999999999995","8377.330183996577","8377.330183996577","16.195069695031563","13.652443752911607","Dar Es Salaam","24298","4364541","5.5671375294675896","160.40153522007256","3.3543303306816625","2.8277004687646414","Dubai","24453.333299999998","0.27229999999999999","6658.6426575899995","1.56","4268.3606779423071","4268.3606779423071","77.828175536358046","65.609151977149835","Manila","zero - no student debt","2.3599999999999999E-2",NA,"1.29","na","na","na","0"
"118","Dubai","21.456357215902855","Moscow","10","11503501","0.8693005720606275","97.715485823702792","0.21859421804384738","0.18427492581096333","Lima","37120","0.37619999999999998","13964.544","1.47","9499.689795918368","9499.689795918368","4.9672361265396745","4.1873800546729454","Tel Aviv","6626.666666666667","1331300","4.9775908260096644","160.99108192353049","2.9991146784196161","2.5282536739077361","Accra","n/a","0.48759999999999998","na","0.37","na","na","na","0","Mumbai","NA ","1.7100000000000001E-2",NA,"0.43","na","na","na","0"
"119","Accra","17.498375442581036","New Delhi","11","16787941","0.65523222889572941","97.929554166867689","-1.4210854715202004E-14","-1.1979750524915289E-14","Dubai","57268.132463636364","0.27229999999999999","15594.112469848182","1.56","9996.2259422103725","9996.2259422103725","0","0","New Delhi","80864","16787941","4.8167908143112967","161.15188193522886","2.9022289173693849","2.4465789773423916","Caracas","61800","0.1651","10203.18","0.53","19251.283018867925","19251.283018867925","-1.4210854715202004E-14","-1.1979750524915289E-14","Warsaw","n/a","0.31690000000000002",NA,"2.66","na","na","na","0"
